{
  "version": 1,
  "label": "Cat Paw",
  "settings": {
    "enabled": true,
    "tapCursor": {
      "type": 3,
      "url": "paw.png"
    },
    "holdCursor": {
      "type": 3,
      "url": "paw.png"
    },
    "size": 260.71747002417044,
    "anchorX": 0.4867874050775849,
    "anchorY": 0.2641491834112799,
    "opacity": 0.827202655743569,
    "rotation": 332.04793019651896
  }
}