{
  "version": 1,
  "label": "SCORCHPOT Cursor",
  "settings": {
    "enabled": true,
    "tapCursor": {
      "type": 3,
      "url": "scorchpot_ketchup.png"
    },
    "holdCursor": {
      "type": 3,
      "url": "scorchpot_ketchup.png"
    },
    "size": 365.1983886650639,
    "anchorX": 0.49333904110768956,
    "anchorY": 0.1374946481402382,
    "rotation": 346.5495898631414,
    "enableOrbit": true,
    "orbitRadius": 177.2271124089805
  }
}